Workbook

Sheet Raw_Data
A1: GTM Raw Data — Inputs (edit blue cells)
A2: Replace sample values with real campaign data. Columns K-L are formulas and recalculate automatically.
A4: Channel | B4: Segment | C4: Region | D4: Campaign Phase | E4: Budget | F4: Actual Spend | G4: Leads | H4: Opportunities | I4: Conversions | J4: Revenue Generated | K4: CAC | L4: ROI %
A5: Paid Search | B5: SMB | C5: North America | D5: Launch | E5: 15000 | F5: 14200 | G5: 620 | H5: 180 | I5: 95 | J5: 57000 | K5: =IFERROR(F5/I5,0) -> 149.47368 | L5: =IFERROR((J5-F5)/F5,0) -> 3.0140845
A6: Social Media | B6: Mid-Market | C6: North America | D6: Launch | E6: 10000 | F6: 9600 | G6: 540 | H6: 140 | I6: 60 | J6: 33000 | K6: =IFERROR(F6/I6,0) -> 160 | L6: =IFERROR((J6-F6)/F6,0) -> 2.4375
A7: Email | B7: Enterprise | C7: EMEA | D7: Post-Launch | E7: 4000 | F7: 3800 | G7: 300 | H7: 110 | I7: 70 | J7: 56000 | K7: =IFERROR(F7/I7,0) -> 54.285714 | L7: =IFERROR((J7-F7)/F7,0) -> 13.736842
A8: Content/SEO | B8: SMB | C8: APAC | D8: Pre-Launch | E8: 6000 | F8: 5400 | G8: 260 | H8: 90 | I8: 40 | J8: 26000 | K8: =IFERROR(F8/I8,0) -> 135 | L8: =IFERROR((J8-F8)/F8,0) -> 3.8148148
A9: Partnerships | B9: Enterprise | C9: EMEA | D9: Launch | E9: 12000 | F9: 12500 | G9: 180 | H9: 95 | I9: 55 | J9: 71500 | K9: =IFERROR(F9/I9,0) -> 227.27273 | L9: =IFERROR((J9-F9)/F9,0) -> 4.72
A10: Events | B10: Mid-Market | C10: North America | D10: Post-Launch | E10: 9000 | F10: 9800 | G10: 150 | H10: 60 | I10: 25 | J10: 22500 | K10: =IFERROR(F10/I10,0) -> 392 | L10: =IFERROR((J10-F10)/F10,0) -> 1.2959184

Sheet Dashboard
A1: GTM Execution Dashboard
A2: Live view — pulls from Raw_Data. Add Slicers on Raw_Data (Segment / Region / Campaign Phase) to filter this view.
A4: Total Budget | D4: Leads Generated | G4: Blended CAC | J4: Overall ROI %
A5: =SUM(Raw_Data!E5:E10) -> 56000 | D5: =SUM(Raw_Data!G5:G10) -> 2050 | G5: =IFERROR(SUM(Raw_Data!F5:F10)/SUM(Raw_Data!I5:I10),0) -> 160.28986 | J5: =IFERROR((SUM(Raw_Data!J5:J10)-SUM(Raw_Data!F5:F10))/SUM(Raw_Data!F5:F10),0) -> 3.8101266
A25: Funnel: Leads → Opportunities → Conversions
A26: Stage | B26: Count
A27: Leads | B27: =SUM(Raw_Data!G5:G10) -> 2050
A28: Opportunities | B28: =SUM(Raw_Data!H5:H10) -> 675
A29: Conversions | B29: =SUM(Raw_Data!I5:I10) -> 345
A32: Top 5 Channels by ROI
A33: Rank | B33: Channel | C33: ROI %
A34: 1 | B34: =INDEX(Raw_Data!$A$5:$A$10,MATCH(LARGE(Raw_Data!$L$5:$L$10,1),Raw_Data!$L$5:$L$10,0)) -> Email | C34: =LARGE(Raw_Data!$L$5:$L$10,1) -> 13.736842
A35: 2 | B35: =INDEX(Raw_Data!$A$5:$A$10,MATCH(LARGE(Raw_Data!$L$5:$L$10,2),Raw_Data!$L$5:$L$10,0)) -> Partnerships | C35: =LARGE(Raw_Data!$L$5:$L$10,2) -> 4.72
A36: 3 | B36: =INDEX(Raw_Data!$A$5:$A$10,MATCH(LARGE(Raw_Data!$L$5:$L$10,3),Raw_Data!$L$5:$L$10,0)) -> Content/SEO | C36: =LARGE(Raw_Data!$L$5:$L$10,3) -> 3.8148148
A37: 4 | B37: =INDEX(Raw_Data!$A$5:$A$10,MATCH(LARGE(Raw_Data!$L$5:$L$10,4),Raw_Data!$L$5:$L$10,0)) -> Paid Search | C37: =LARGE(Raw_Data!$L$5:$L$10,4) -> 3.0140845
A38: 5 | B38: =INDEX(Raw_Data!$A$5:$A$10,MATCH(LARGE(Raw_Data!$L$5:$L$10,5),Raw_Data!$L$5:$L$10,0)) -> Social Media | C38: =LARGE(Raw_Data!$L$5:$L$10,5) -> 2.4375
A41: Note: Native Excel Slicers (Segment / Region / Campaign Phase) must be inserted in Excel itself — select a cell in the Raw_Data table, go to Table Design > Insert Slicer, and connect it to the charts above via Report Connections. This file has the underlying data pre-built as a Table to make that a one-click step.
